City_ID,City,Lat,Lng,Max Temp,Humidity,Cloudiness,Wind Speed,Country,Date
0,glendive,47.1053,-104.7125,25.79,19,0,4.12,US,1729116575
1,kismayo,-0.3582,42.5454,25.15,84,55,7.25,SO,1729116576
2,codrington,-38.2667,141.9667,18.26,88,100,4.0,AU,1729116577
3,tangalle,6.024,80.7911,24.74,92,61,3.97,LK,1729116580
4,dudinka,69.4058,86.1778,-13.1,93,100,6.22,RU,1729116581
5,adamstown,-25.066,-130.1015,21.24,85,100,7.92,PN,1729116582
6,altar,30.7,-111.8167,33.93,14,17,9.23,MX,1729116583
7,grytviken,-54.2811,-36.5092,1.71,88,62,5.81,GS,1729116585
8,alta,69.9689,23.2717,2.59,81,100,1.03,NO,1729116586
9,port-aux-francais,-49.35,70.2167,2.21,74,100,12.72,TF,1729116587
10,alofi,-19.0595,-169.9187,27.94,57,40,5.66,NU,1729116588
11,chibougamau,49.9168,-74.3659,3.35,70,98,3.57,CA,1729116431
12,saipan,15.1355,145.701,28.39,83,40,2.57,MP,1729116551
13,harper,4.375,-7.7169,24.91,89,64,3.91,LR,1729116592
14,castillos,-34.1667,-53.8333,13.22,89,0,3.31,UY,1729116593
15,kidal,18.4411,1.4078,31.97,11,1,3.64,ML,1729116595
16,stanley,54.868,-1.6985,13.43,97,75,0.0,GB,1729116596
17,isafjordur,66.0755,-23.124,-1.17,88,100,5.47,IS,1729116597
18,petropavlovsk-kamchatsky,53.0452,158.6483,7.33,81,40,0.0,RU,1729116598
19,gradistea,44.2333,27.2167,11.17,58,100,2.63,RO,1729116600
20,vilyuchinsk,52.9306,158.4028,8.15,81,79,3.79,RU,1729116601
21,nalut,30.3333,10.85,25.45,29,10,5.01,LY,1729116602
22,port elizabeth,-33.918,25.5701,17.4,94,49,3.07,ZA,1729116603
23,alice springs,-23.7,133.8833,28.75,45,42,3.6,AU,1729116604
24,west island,-12.1568,96.8225,25.99,89,100,6.69,CC,1729116606
25,totness,5.8833,-56.3167,27.36,78,57,4.57,SR,1729116607
26,cobija,-11.0267,-68.7692,32.07,42,66,0.57,BO,1729116608
27,norilsk,69.3535,88.2027,-17.3,98,100,3.6,RU,1729116609
28,bethel,41.3712,-73.414,11.98,59,22,0.89,US,1729116584
29,talnakh,69.4865,88.3972,-17.36,95,100,4.48,RU,1729116304
30,porto novo,6.4965,2.6036,24.14,93,100,1.22,BJ,1729116613
31,longyearbyen,78.2186,15.6401,-0.09,80,75,2.06,SJ,1729116614
32,tuban,-6.8976,112.0649,25.42,67,99,5.16,ID,1729116616
33,city of balikpapan,-1.242,116.8942,25.97,100,100,2.06,ID,1729116617
34,albany,42.6001,-73.9662,9.23,63,15,1.34,US,1729116618
35,puerto deseado,-47.7503,-65.8938,11.33,64,97,5.17,AR,1729116619
36,cuamba,-14.8031,36.5372,19.35,83,99,2.87,MZ,1729116621
37,zhalantun,48.0,122.7167,-1.12,67,0,1.74,CN,1729116622
38,bilibino,68.0546,166.4372,-5.86,95,100,1.47,RU,1729116623
39,newnham,-41.3833,147.1333,12.53,82,20,3.09,AU,1729116627
40,puerto natales,-51.7236,-72.4875,11.25,66,75,1.54,CL,1729116628
41,margaret river,-33.95,115.0667,12.69,83,90,4.83,AU,1729116629
42,minas de marcona,-15.2119,-75.1103,16.21,64,22,7.26,PE,1729116632
43,atafu village,-8.5421,-172.5159,27.24,81,7,6.98,TK,1729116633
44,mar del plata,-38.0023,-57.5575,13.07,97,100,5.36,AR,1729116361
45,edinburgh of the seven seas,-37.0676,-12.3116,12.81,67,45,3.36,SH,1729116637
46,eynesil,41.0645,39.1438,17.36,85,100,5.54,TR,1729116638
47,hermanus,-34.4187,19.2345,14.89,76,52,3.42,ZA,1729116639
48,olonkinbyen,70.9221,-8.7187,1.74,99,100,5.76,SJ,1729116641
49,kandahar,31.0,65.75,16.84,27,0,2.07,AF,1729116642
50,avarua,-21.2078,-159.775,25.03,61,75,5.66,CK,1729116643
51,upanema,-5.6419,-37.2578,25.78,74,73,9.28,BR,1729116644
52,college,64.8569,-147.8028,-1.01,69,75,6.69,US,1729116646
53,kavaratti,10.5669,72.642,26.52,84,100,5.15,IN,1729116647
54,jiangyou,31.7667,104.7167,17.44,81,100,0.62,CN,1729116648
55,east london,-33.0153,27.9116,18.04,77,0,10.23,ZA,1729116649
56,punta arenas,-53.15,-70.9167,12.06,66,75,2.57,CL,1729116640
57,hamilton,39.1834,-84.5333,12.65,59,75,5.14,US,1729116653
58,lompoc,34.6391,-120.4579,21.4,79,0,6.69,US,1729116362
59,puerto ayora,-0.7393,-90.3518,21.42,93,85,2.24,EC,1729116655
60,iskateley,67.6803,53.1512,1.51,90,78,5.37,RU,1729116657
61,hasaki,35.7333,140.8333,23.13,80,98,6.68,JP,1729116658
62,papatowai,-46.5619,169.4708,13.15,50,0,1.97,NZ,1729116659
63,bubaque,11.2833,-15.8333,27.94,75,19,3.01,GW,1729116660
64,iqaluit,63.7506,-68.5145,0.85,86,100,5.66,CA,1729116327
65,khandyga,62.6667,135.6,-15.02,96,54,1.17,RU,1729116663
66,cherlak,54.155,74.8055,1.39,90,0,1.89,RU,1729116664
67,tura,25.5198,90.2201,22.78,71,55,1.16,IN,1729116665
68,howrah,22.5892,88.3103,26.0,94,40,0.0,IN,1729116666
69,lethem,3.3803,-59.7968,25.67,79,99,2.2,GY,1729116668
70,malpica,43.3228,-8.8105,15.13,100,100,2.02,ES,1729116669
71,gisborne,-38.6533,178.0042,11.93,64,1,2.85,NZ,1729116670
72,makungu,-8.7333,35.2833,17.79,90,68,2.63,TZ,1729116671
73,nemuro,43.3236,145.575,11.1,70,0,2.23,JP,1729116673
74,port mathurin,-19.6833,63.4167,22.97,79,100,5.39,MU,1729116232
75,whitehorse,60.7161,-135.0538,4.5,64,75,1.54,CA,1729116247
76,neiafu,-18.65,-173.9833,27.38,78,75,5.14,TO,1729116676
77,banda aceh,5.5577,95.3222,26.89,83,98,5.62,ID,1729116678
78,nikolayevsk-on-amure,53.1406,140.73,0.2,68,71,1.19,RU,1729116679
79,grants pass,42.439,-123.3284,18.03,67,100,2.06,US,1729116680
80,nagano,36.6514,138.1811,19.1,100,74,0.15,JP,1729116681
81,akureyri,65.6835,-18.0878,3.39,92,100,2.11,IS,1729116683
82,blackmans bay,-43.0167,147.3167,12.63,95,100,0.93,AU,1729116302
83,lihue,21.9789,-159.3672,28.77,61,40,6.69,US,1729116685
84,emerald,-23.5333,148.1667,21.3,78,3,4.06,AU,1729116687
85,keflavik,64.0049,-22.5624,5.24,93,100,1.03,IS,1729116688
86,tvoroyri,61.5556,-6.8111,10.45,99,100,6.08,FO,1729116689
87,chapaev,50.2,51.1667,6.13,77,100,2.47,KZ,1729116690
88,guatrache,-37.6678,-63.5302,21.65,72,66,7.62,AR,1729116692
89,marka,1.7159,44.7717,25.0,86,71,5.64,SO,1729116693
90,dalbandin,28.8947,64.4101,23.26,14,0,1.98,PK,1729116694
91,jamestown,42.097,-79.2353,8.34,66,100,4.12,US,1729116266
92,grajau,-5.8194,-46.1386,28.06,62,100,0.54,BR,1729116696
93,waitangi,-43.9535,-176.5597,10.46,84,94,1.79,NZ,1729116260
94,guliston,40.4897,68.7842,5.89,54,0,0.86,UZ,1729116699
95,sao gabriel da cachoeira,-0.1303,-67.0892,28.59,68,89,1.63,BR,1729116700
96,igboho,8.8333,3.75,22.07,96,100,2.24,NG,1729116701
97,yarmouth,41.7057,-70.2286,12.2,65,0,6.26,US,1729116703
98,invercargill,-46.4,168.35,13.34,67,3,0.89,NZ,1729116257
99,kulhudhuffushi,6.6221,73.07,28.02,77,85,6.87,MV,1729116705
100,flying fish cove,-10.4217,105.6791,24.82,78,20,3.6,CX,1729116706
101,alesund,62.4723,6.1549,15.08,47,0,1.54,NO,1729116708
102,paramirim,-13.4425,-42.2389,27.06,55,100,1.33,BR,1729116709
103,castanos,26.7833,-101.4167,27.41,43,40,7.72,MX,1729116710
104,lobujya,27.95,86.8167,-7.25,50,0,1.27,NP,1729116711
105,fort st. john,56.2499,-120.8529,9.51,59,99,4.22,CA,1729116713
106,okhotsk,59.3833,143.3,-4.92,52,9,10.81,RU,1729116714
107,bamboo flat,11.7,92.7167,26.63,83,100,2.03,IN,1729116715
108,luderitz,-26.6481,15.1594,13.22,91,2,2.9,,1729116716
109,el calafate,-50.3408,-72.2768,9.42,79,95,2.96,AR,1729116431
110,qaqortoq,60.7167,-46.0333,0.35,81,99,2.65,GL,1729116258
111,erdenet,49.0333,104.0833,-3.24,86,48,2.38,MN,1729116466
112,ilulissat,69.2167,-51.1,-6.99,58,29,0.0,GL,1729116721
113,xilin hot,43.9667,116.0333,3.23,91,100,1.02,CN,1729116723
114,sur,22.5667,59.5289,27.31,79,100,2.59,OM,1729116724
115,chaman,30.9236,66.4512,18.09,21,0,1.56,PK,1729116725
116,kibaya,-5.3,36.5667,17.43,72,16,2.67,TZ,1729116726
117,revelstoke,50.9832,-118.2023,11.01,93,100,4.12,CA,1729116728
118,at taj,24.2049,23.2857,22.77,36,0,4.46,LY,1729116729
119,bakchar,57.0186,82.0711,0.5,92,100,1.56,RU,1729116730
120,bredasdorp,-34.5322,20.0403,16.18,62,91,2.08,ZA,1729116731
121,ushuaia,-54.8,-68.3,12.81,41,20,4.63,AR,1729116256
122,portland,45.5234,-122.6762,17.87,75,75,4.12,US,1729116676
123,wegscheid,48.6014,13.7873,9.67,88,100,2.05,DE,1729116736
124,nola,40.922,14.5329,23.51,84,100,0.6,IT,1729116738
125,mahibadhoo,3.7833,72.9667,28.22,74,60,7.18,MV,1729116739
126,yaren,-0.5472,166.916,28.0,77,100,7.28,NR,1729116740
127,grand falls-windsor,48.9332,-55.6649,6.95,86,92,3.02,CA,1729116741
128,north ward,-19.2454,146.8075,24.95,78,75,4.63,AU,1729116743
129,horta,38.5333,-28.6333,18.34,77,100,1.79,PT,1729116744
130,murun-kuren,49.6342,100.1625,0.8,56,39,4.97,MN,1729116745
131,al mayadin,35.0209,40.4535,27.03,31,92,2.73,SY,1729116746
132,chonchi,-42.6128,-73.8092,11.73,97,100,1.85,CL,1729116748
133,shetpe,44.1667,52.1167,10.73,36,98,5.17,KZ,1729116749
134,bukama,-9.2,25.85,23.85,76,94,0.92,CD,1729116750
135,pagar alam,-4.0167,103.2667,19.02,86,100,1.44,ID,1729116751
136,aasiaat,68.7098,-52.8699,-9.61,83,13,4.59,GL,1729116277
137,loreto,22.2667,-101.9667,22.55,31,75,6.92,MX,1729116754
138,sinabang,2.4803,96.3801,26.2,84,100,1.3,ID,1729116755
139,mgandu,-5.95,34.1333,22.05,41,72,2.62,TZ,1729116756
140,vadso,70.0744,29.7487,0.09,93,75,3.6,NO,1729116757
141,leshan,29.5623,103.7639,17.51,90,96,0.33,CN,1729116759
142,port hueneme,34.1478,-119.1951,19.97,83,100,2.06,US,1729116760
143,erenhot,43.6475,111.9767,6.4,78,100,3.33,CN,1729116646
144,enewetak,11.3474,162.3373,29.05,78,100,8.33,MH,1729116762
145,san antonio de pale,-1.4014,5.6325,25.03,83,91,5.37,GQ,1729116764
146,brisas de zicatela,15.8369,-97.0419,31.29,74,20,4.12,MX,1729116765
147,hawaiian paradise park,19.5933,-154.9731,27.73,74,75,5.66,US,1729116766
148,meadow lakes,61.6247,-149.6011,6.46,55,72,0.45,US,1729116767
149,el jadid,33.2549,-8.506,21.22,86,28,3.52,MA,1729116768
150,ulaangom,49.9811,92.0667,2.33,70,100,0.25,MN,1729116770
151,kamiiso,41.8167,140.65,8.79,81,0,1.9,JP,1729116772
152,alaghsas,17.0187,8.0168,31.22,12,3,3.55,NE,1729116774
153,zaozersk,69.4005,32.4476,0.83,91,29,2.97,RU,1729116775
154,vrangel',42.7297,133.0839,9.67,63,38,2.45,RU,1729116776
155,mejit,10.2753,170.8646,28.55,76,100,4.65,MH,1729116777
156,tiksi,71.6872,128.8694,-14.05,91,99,2.08,RU,1729116779
157,nova sintra,14.8667,-24.7167,26.84,81,27,6.39,CV,1729116261
158,uturoa,-16.7333,-151.4333,25.02,71,9,2.25,PF,1729116781
159,solleftea,63.1667,17.2667,-1.08,87,70,2.24,SE,1729116782
160,inhambane,-23.865,35.3833,18.71,69,72,4.2,MZ,1729116783
161,aykhal,66.0,111.5,-13.99,94,100,7.0,RU,1729116785
162,villa gesell,-37.2639,-56.973,12.77,89,25,4.93,AR,1729116786
163,conduaga,8.862,117.4893,25.6,87,26,0.66,PH,1729116788
164,shahgarh,24.3167,79.1333,21.99,45,57,1.01,IN,1729116790
165,nar'yan-mar,67.6713,53.087,1.43,90,78,5.35,RU,1729116791
166,itoman,26.1247,127.6694,27.27,89,20,2.57,JP,1729116792
167,bereznik,62.8551,42.7072,0.82,93,47,1.72,RU,1729116793
168,mount gambier,-37.8333,140.7667,17.07,94,100,4.52,AU,1729116508
169,liski,50.9841,39.5155,8.02,84,100,5.23,RU,1729116796
170,cockburn town,21.4612,-71.1419,29.28,66,13,7.73,TC,1729116797
171,ribeira grande,38.5167,-28.7,18.76,77,100,1.34,PT,1729116319
172,the villages,28.9341,-81.9599,19.54,51,0,5.14,US,1729116554
173,saint-pierre,-21.3393,55.4781,21.82,78,0,2.06,RE,1729116801
174,remire-montjoly,4.9167,-52.2667,29.02,74,20,2.06,GF,1729116802
175,grand island,40.925,-98.342,17.23,21,0,9.26,US,1729116803
176,utrik,11.2278,169.8474,28.64,78,100,6.27,MH,1729116281
177,benguela,-12.5763,13.4055,24.06,77,78,2.13,AO,1729116806
178,labrador city,52.9463,-66.9114,1.77,64,88,30.85,CA,1729116807
179,weno,7.4515,151.8468,29.97,84,100,2.06,FM,1729116280
180,badger,64.8,-147.5333,-0.86,76,100,6.69,US,1729116238
181,vilyuysk,63.7553,121.6247,-6.99,95,100,2.85,RU,1729116811
182,gudari,19.35,83.7833,22.95,96,69,1.15,IN,1729116812
183,thompson,55.7435,-97.8558,7.49,73,100,1.82,CA,1729116813
184,kodiak,57.79,-152.4072,11.73,37,0,3.09,US,1729116815
185,isabela,6.7085,121.9711,25.03,84,99,0.42,PH,1729116816
186,klyuchi,52.2667,79.1667,0.12,66,5,1.82,RU,1729116817
187,les anglais,18.3054,-74.2197,25.63,86,98,4.06,HT,1729116818
188,onega,63.9061,38.1404,1.9,88,96,3.33,RU,1729116819
189,muli,2.9167,73.5667,28.19,75,24,7.05,MV,1729116821
190,oranjemund,-28.55,16.4333,13.8,90,2,1.68,,1729116822
191,mount isa,-20.7333,139.5,26.87,41,4,2.06,AU,1729116823
192,cruzeiro do sul,-29.5128,-51.9853,21.95,82,0,2.18,BR,1729116696
193,saudarkrokur,65.7461,-19.6394,1.56,97,100,1.21,IS,1729116826
194,tralee,52.2704,-9.7026,9.88,97,7,2.45,IE,1729116827
195,udachny,66.4167,112.4,-12.91,93,100,7.64,RU,1729116828
196,longquan,24.6719,102.1613,13.75,98,33,0.8,CN,1729116829
197,butte,39.6499,-121.5677,22.38,58,0,4.12,US,1729116831
198,namibe,-15.1961,12.1522,19.83,82,95,5.56,AO,1729116832
199,mkushi,-13.6202,29.3939,18.2,70,0,4.33,ZM,1729116833
200,borogontsy,62.6683,131.1683,-13.47,98,77,2.2,RU,1729116834
201,newman,37.3138,-121.0208,25.03,51,100,3.58,US,1729116836
202,kingscliff,-28.2667,153.5667,21.08,88,82,2.06,AU,1729116837
203,kolaras,25.2333,77.6,21.84,40,23,1.47,IN,1729116838
204,monte alegre,-2.0078,-54.0692,28.23,60,60,1.29,BR,1729116839
205,aleksandrov gay,50.147,48.5704,7.03,82,100,6.15,RU,1729116841
206,ust-nera,64.5667,143.2,-16.93,99,92,1.21,RU,1729116842
207,palikir - national government center,6.9248,158.1611,25.47,94,100,2.57,FM,1729116843
208,thal,35.4791,72.2439,6.43,89,95,1.6,PK,1729116844
209,hammerfest,70.6634,23.6821,5.25,81,75,3.6,NO,1729116846
210,tazovsky,67.4667,78.7,-5.05,86,100,9.32,RU,1729116847
211,ancud,-41.8697,-73.8203,9.91,95,100,3.48,CL,1729116848
212,ciudad lazaro cardenas,17.9583,-102.2,28.47,78,4,2.68,MX,1729116555
213,chernyshevsk,52.5243,117.0174,-3.65,69,73,3.02,RU,1729116851
214,andergrove,-21.0833,149.1833,24.38,67,14,2.19,AU,1729116852
215,wellington,-41.2866,174.7756,12.15,57,40,1.03,NZ,1729116853
216,coquimbo,-29.9533,-71.3436,14.85,69,20,4.63,CL,1729116796
217,campo mourao,-24.0456,-52.3831,26.0,56,38,3.19,BR,1729116856
218,la romana,18.4273,-68.9728,29.2,74,20,0.0,DO,1729116857
219,mairwa,26.2333,84.15,21.6,62,87,2.13,IN,1729116858
220,shiqian,27.5225,108.2281,17.87,99,100,1.12,CN,1729116859
221,guerrero negro,27.9769,-114.0611,21.54,60,4,6.43,MX,1729116861
222,kalevala,65.2,31.1667,5.07,96,100,2.89,RU,1729116862
223,yellowknife,62.456,-114.3525,4.67,100,100,1.54,CA,1729116288
224,sao joao da barra,-21.6403,-41.0511,24.05,87,60,7.92,BR,1729116864
225,metahara,8.9,39.9167,25.58,39,92,1.48,ET,1729116866
226,san andres,12.5847,-81.7006,28.01,83,20,2.57,CO,1729116868
227,waingapu,-9.6567,120.2641,25.75,82,45,2.57,ID,1729116869
228,bechar,31.6167,-2.2167,22.97,35,95,2.52,DZ,1729116872
229,bage,-31.3314,-54.1069,19.88,68,0,2.57,BR,1729116873
230,bodaybo,57.8506,114.1933,-3.36,95,100,1.96,RU,1729116634
231,talara,-4.5772,-81.2719,21.42,73,0,7.72,PE,1729116876
232,sabzevar,36.2126,57.6819,17.68,41,0,3.69,IR,1729116877
233,dalandzadgad,43.5708,104.425,8.06,57,5,0.92,MN,1729116878
234,urangan,-25.3,152.9,21.49,67,0,1.61,AU,1729116879
235,st. john's,47.5649,-52.7093,10.54,77,5,3.13,CA,1729116592
236,polyarnyy,69.1989,33.4478,1.24,92,34,3.15,RU,1729116882
237,saint-francois,46.4154,3.9054,18.71,84,98,3.09,FR,1729116883
238,floro,61.5996,5.0328,16.98,36,100,7.2,NO,1729116884
239,port alfred,-33.5906,26.891,16.77,85,0,1.34,ZA,1729116886
240,karasburg,-28.0167,18.75,15.27,39,3,5.21,,1729116887
241,saurimo,-9.6608,20.3916,19.09,97,100,1.12,AO,1729116888
242,tanjung selor,2.8372,117.3642,23.48,98,100,0.89,ID,1729116889
243,carnarvon,-24.8667,113.6333,19.54,69,86,7.91,AU,1729116890
244,sitka,57.0531,-135.33,9.94,71,75,2.57,US,1729116892
245,mossendjo,-2.9506,12.7261,20.94,100,98,1.35,CG,1729116893
246,susuman,62.7833,148.1667,-10.11,95,100,2.79,RU,1729116894
247,lebu,-37.6167,-73.65,12.66,92,99,8.85,CL,1729116895
248,yilan,24.757,121.753,23.44,94,68,1.02,TW,1729116850
249,nogliki,51.8333,143.1667,1.22,79,87,3.32,RU,1729116898
250,choyr,46.3611,108.3611,1.09,67,33,2.84,MN,1729116900
251,colonia,50.9333,6.95,15.63,79,0,5.66,DE,1729116902
252,sisimiut,66.9395,-53.6735,-1.54,67,93,1.04,GL,1729116903
253,del rio,29.3627,-100.8968,30.06,34,20,7.72,US,1729116674
254,novyy urengoy,66.0833,76.6333,-1.52,93,100,8.51,RU,1729116905
255,rio gallegos,-51.6226,-69.2181,12.03,54,0,8.75,AR,1729116720
256,atherton,53.5237,-2.4935,16.27,98,100,1.79,GB,1729116908
257,san luis de la loma,17.2706,-100.8939,28.44,82,63,2.52,MX,1729116909
258,bikenibeu village,1.3673,173.1241,28.98,84,75,3.6,KI,1729116910
259,imperatriz,-5.5264,-47.4917,29.87,53,100,1.25,BR,1729116911
260,kenora,49.8167,-94.4337,15.43,38,93,7.15,CA,1729116784
261,al burayqah,30.4062,19.5739,23.72,71,0,5.08,LY,1729116914
262,vorgashor,67.5833,63.95,0.26,98,100,6.13,RU,1729116915
263,wailua homesteads,22.0669,-159.378,28.44,73,40,6.69,US,1729116918
264,port lincoln,-34.7333,135.8667,17.41,86,100,2.61,AU,1729116919
265,guarapari,-20.6667,-40.4975,22.93,90,87,5.85,BR,1729116920
266,karratha,-20.7377,116.8463,20.43,58,0,5.96,AU,1729116921
267,port augusta,-32.5,137.7667,24.01,51,78,3.42,AU,1729116923
268,nuuk,64.1835,-51.7216,-1.66,74,20,3.09,GL,1729116915
269,ko pha ngan,9.7578,100.0291,26.06,73,99,2.29,TH,1729116925
270,suwayr,30.1171,40.3893,24.81,20,0,5.24,SA,1729116926
271,arraias,-12.9288,-46.9437,22.57,78,93,1.57,BR,1729116928
272,scottsbluff,41.8666,-103.6672,28.13,20,0,8.75,US,1729116930
273,faya-largeau,17.9257,19.1043,30.17,18,9,4.1,TD,1729116931
274,boda,4.3189,17.4695,21.66,90,100,1.14,CF,1729116933
275,tasqala,51.1167,50.3167,6.51,75,100,4.78,KZ,1729116934
276,fort mcmurray,56.7268,-111.381,11.0,44,100,1.46,CA,1729116859
277,san ignacio de velasco,-16.3667,-60.95,21.13,91,91,2.88,BO,1729116936
278,treasure island,27.7692,-82.769,23.01,48,75,6.17,US,1729116938
279,ifo,6.8144,3.1958,25.79,93,100,0.58,NG,1729116939
280,georgetown,5.4112,100.3354,26.96,92,20,1.03,MY,1729116891
281,miquelon,47.0975,-56.3814,10.32,70,52,11.56,PM,1729116941
282,diboll,31.1871,-94.781,21.16,23,0,3.6,US,1729116942
283,anadyr,64.75,177.4833,1.28,80,0,4.0,RU,1729116944
284,katsuren-haebaru,26.3369,127.8719,27.27,89,0,2.57,JP,1729116945
285,ola,59.5833,151.2833,5.86,93,100,4.9,RU,1729116946
286,severo-yeniseyskiy,60.3725,93.0408,-19.76,99,65,1.53,RU,1729116947
287,madara,11.7798,10.4479,28.33,42,41,2.96,NG,1729116949
288,mayya,61.7333,130.2811,-10.77,95,42,1.78,RU,1729116950
289,alibag,18.6411,72.8792,27.28,85,100,2.87,IN,1729116951
290,saldanha,-33.0117,17.9442,15.03,92,0,3.48,ZA,1729116952
291,wanganui,-39.9333,175.05,14.74,43,17,0.79,NZ,1729116670
292,gurupi,-11.7292,-49.0686,24.67,80,96,2.55,BR,1729116955
293,zaltan,32.947,11.8665,25.84,62,22,5.57,LY,1729116787
294,kapa'a,22.0752,-159.319,29.18,73,40,6.69,US,1729116957
295,seguela,7.9611,-6.6731,22.43,95,100,1.86,CI,1729116959
296,emmett,43.8735,-116.4993,13.33,89,100,0.45,US,1729116960
297,obock,12.25,43.0833,26.98,52,100,1.86,DJ,1729116961
298,lucon,46.4577,-1.1651,16.13,98,51,3.26,FR,1729116962
299,belmonte,-15.8631,-38.8828,24.76,85,57,4.84,BR,1729116964
300,amos,48.5669,-78.1162,4.5,67,86,2.56,CA,1729116904
301,altai,46.3722,96.2583,0.32,67,86,1.05,MN,1729116966
302,mazagao,-0.115,-51.2894,29.94,55,47,3.97,BR,1729116967
303,sovetskiy,61.3614,63.5842,1.09,66,100,2.3,RU,1729116969
304,tsiombe,-25.3,45.4833,15.97,63,30,2.91,MG,1729116970
305,bardai,11.65,7.2333,25.63,45,89,2.77,NG,1729116971
306,plesetsk,62.708,40.2916,-0.11,96,87,2.25,RU,1729116972
307,lucea,18.451,-78.1736,27.92,87,100,3.69,JM,1729116974
308,fale old settlement,-9.3852,-171.2468,28.47,73,61,6.95,TK,1729116975
309,labuan bajo,-8.4964,119.8877,25.93,83,77,1.57,ID,1729116976
310,krasnozerskoye,53.9828,79.2374,0.85,79,0,0.4,RU,1729116977
311,shuangcheng,45.35,126.2833,4.99,61,16,0.55,CN,1729116979
312,talitsy,56.5289,42.3344,6.01,89,97,2.99,RU,1729116980
313,nyurba,63.2842,118.3319,-15.85,95,100,2.6,RU,1729116981
314,gannan,47.9147,123.5031,0.31,61,0,2.08,CN,1729116982
315,annau,37.8876,58.516,10.72,54,73,3.09,TM,1729116984
316,nadym,65.5333,72.5167,0.63,71,100,6.73,RU,1729116985
317,ciudad bolivar,8.1222,-63.5497,30.86,56,100,0.36,VE,1729116850
318,plettenberg bay,-34.0527,23.3716,19.33,54,93,1.24,ZA,1729116987
319,mhamid,29.82,-5.72,24.62,36,60,3.41,MA,1729116989
320,dakingari,11.6451,4.0605,28.12,59,29,1.83,NG,1729116991
321,luwuk,-0.9516,122.7875,22.76,80,94,1.72,ID,1729116992
322,snezhinsk,56.085,60.7314,0.08,76,100,1.01,RU,1729116994
323,kolonia,50.9333,6.95,15.63,79,0,5.66,DE,1729116995
324,manokwari,-0.8667,134.0833,27.03,76,99,3.26,ID,1729116996
325,manta,-0.95,-80.7333,25.88,73,75,4.63,EC,1729116999
326,constantia,44.1833,28.65,8.38,67,7,5.95,RO,1729117000
327,kuanda,56.3161,116.0806,-5.46,87,100,1.0,RU,1729117001
328,woolgoolga,-30.1106,153.2007,17.93,88,100,1.42,AU,1729117002
329,sullivan,36.5168,-82.5332,11.43,55,75,3.09,US,1729117004
330,kapuskasing,49.4169,-82.4331,10.05,43,75,5.14,CA,1729117005
331,camargo,27.6667,-105.1667,28.64,16,8,9.51,MX,1729116762
332,arvin,35.2091,-118.8284,28.43,43,48,2.24,US,1729117007
333,la passe,45.5549,-0.8967,17.13,95,55,3.79,FR,1729117009
334,cherdyn',60.403,56.4787,2.02,96,99,1.84,RU,1729117010
335,tabou,4.423,-7.3528,24.8,90,70,3.51,CI,1729117011
336,rongelap,11.1635,166.8941,28.73,78,99,8.41,MH,1729117012
337,machico,32.7,-16.7667,22.62,74,20,4.63,PT,1729117014
338,deqen,29.9618,90.7188,2.51,51,0,1.66,CN,1729116855
339,touros,-5.1989,-35.4608,25.27,76,76,6.35,BR,1729117016
340,nuku'alofa,-21.1333,-175.2,23.19,94,100,5.14,TO,1729117017
341,fortuna,40.5982,-124.1573,20.52,67,0,7.2,US,1729117019
342,cidreira,-30.1811,-50.2056,17.99,83,0,4.69,BR,1729117020
343,salinopolis,-0.6136,-47.3561,26.69,75,58,5.71,BR,1729116800
344,mount pearl,47.5166,-52.7813,10.08,79,20,9.26,CA,1729116924
345,selfoss,63.9331,-20.9971,3.91,90,59,0.97,IS,1729117024
346,papao,-17.75,-149.55,28.82,67,5,0.81,PF,1729117025
347,haiku-pauwela,20.9219,-156.3051,29.03,61,20,12.96,US,1729117026
348,ad dawadimi,24.5077,44.3924,25.64,22,0,5.9,SA,1729116825
349,aginskoye,51.1,114.53,-4.97,73,99,1.39,RU,1729117029
350,la ronge,55.1001,-105.2842,9.14,87,100,5.14,CA,1729117030
351,manismata,-2.4667,111.0333,23.19,99,100,0.82,ID,1729117031
352,gelemso,8.8167,40.5167,17.73,49,80,0.8,ET,1729117032
353,paciran,-6.8767,112.3761,25.26,71,100,5.63,ID,1729117033
354,queenstown,-31.8976,26.8753,15.34,55,51,0.53,ZA,1729117035
355,nizao,18.25,-70.2,28.0,65,4,2.54,DO,1729117036
356,gazojak,41.1875,61.4036,5.85,48,6,4.97,TM,1729117037
357,slobozia bradului,45.5,27.05,8.66,65,26,3.18,RO,1729117038
358,cannonvale,-20.2833,148.7,24.66,70,28,3.46,AU,1729117040
359,shinyanga,-3.6667,33.4333,25.49,52,100,3.06,TZ,1729117041
360,lubbock,33.6001,-101.8338,19.14,32,20,5.14,US,1729116926
361,hobyo,5.3505,48.5268,25.46,88,61,9.7,SO,1729117043
362,aripuana,-9.1667,-60.6333,25.9,72,49,2.71,BR,1729117045
363,new norfolk,-42.7826,147.0587,13.29,89,100,0.6,AU,1729117046
364,chernyshevskiy,63.0128,112.4714,-13.72,74,96,2.91,RU,1729117047
365,el granada,37.5027,-122.4694,22.84,71,100,6.17,US,1729117048
366,jayapura,-2.5333,140.7,26.66,83,97,1.53,ID,1729117049
367,sogne,58.0833,7.8167,11.5,86,100,7.4,NO,1729117051
368,isangel,-19.55,169.2667,26.06,73,75,1.03,VU,1729117052
369,mek'ele,13.4967,39.4753,17.37,63,73,0.99,ET,1729116978
370,camalu,30.85,-116.0667,19.83,67,76,4.82,MX,1729117054
371,little falls,40.869,-74.2082,13.33,52,0,6.17,US,1729117056
372,wajir,1.7471,40.0573,26.91,54,74,7.92,KE,1729117017
373,yerofey pavlovich,53.9667,121.9667,-8.78,86,89,0.63,RU,1729117058
374,qusmuryn,52.4503,64.6311,1.3,53,0,2.09,KZ,1729117059
375,berezovyy,51.6667,135.7,-0.47,64,13,2.83,RU,1729117060
376,pemangkat,1.1667,108.9667,26.21,83,100,2.72,ID,1729117062
377,ebaye,8.7748,167.7392,27.01,83,100,0.0,MH,1729117063
378,alanya,36.5438,31.9998,23.41,74,1,1.59,TR,1729117064
379,laascaanood,8.4774,47.3597,28.4,38,87,2.67,SO,1729117065
380,kourou,5.1552,-52.6478,27.12,76,64,3.21,GF,1729117067
381,colares,38.7992,-9.4469,15.74,92,55,9.33,PT,1729117068
382,key west,24.5557,-81.7826,29.0,76,0,4.63,US,1729117069
383,gorontalo,0.5412,123.0595,23.07,96,96,1.03,ID,1729117070
384,tolanaro,-25.0319,46.9987,19.04,68,75,6.17,MG,1729117072
385,viedma,-40.8135,-62.9967,18.56,55,69,9.65,AR,1729116907
386,chui,-33.6971,-53.4616,14.15,92,2,3.96,UY,1729117074
387,vernon,50.2581,-119.2691,14.74,44,100,2.68,CA,1729117075
388,monor,47.3513,19.4473,9.36,75,0,2.57,HU,1729117077
389,jindabyne,-36.4167,148.6333,15.87,55,81,0.45,AU,1729117079
390,tsetserleg,47.475,101.4542,0.59,68,96,1.97,MN,1729117080
391,robertsport,6.7533,-11.3686,26.33,83,22,3.66,LR,1729117082
392,kayangel,8.0823,134.7173,29.07,71,98,2.42,PW,1729117083
393,brookings,44.3114,-96.7984,16.0,28,0,11.83,US,1729117051
394,puerto baquerizo moreno,-0.9,-89.6,22.55,83,75,5.14,EC,1729117085
395,sitangkai,4.6628,119.3928,28.2,77,81,3.91,PH,1729117087
396,nelidovo,56.2211,32.7774,1.66,91,50,1.66,RU,1729117088
397,turkestan,43.3333,68.25,3.95,71,0,2.19,KZ,1729117089
398,tromso,69.6496,18.957,9.01,81,75,6.69,NO,1729117090
399,eydhafushi,5.1033,73.0708,27.9,78,34,7.62,MV,1729117092
400,rikaze,29.25,88.8833,4.95,49,0,1.59,CN,1729117093
401,tahla,34.0485,-4.428,18.64,84,38,1.82,MA,1729117094
402,port saint john's,-31.6229,29.5448,17.24,78,1,7.95,ZA,1729117095
403,cabo san lucas,22.8909,-109.9124,33.17,43,0,5.14,MX,1729117096
404,agat village,13.3886,144.6585,28.52,89,75,2.57,GU,1729117098
405,arraial do cabo,-22.9661,-42.0278,22.98,88,40,5.66,BR,1729117099
406,arkalyk,50.2486,66.9114,0.56,67,0,3.33,KZ,1729117100
407,ta`u,-14.2336,-169.5144,26.6,66,77,6.93,AS,1729117102
408,galesong,-5.3166,119.3661,26.52,70,100,1.25,ID,1729117103
409,san juan,-31.5375,-68.5364,30.92,33,0,4.59,AR,1729116949
410,seven pagodas,12.6264,80.1722,25.37,86,75,3.69,IN,1729117105
411,north platte,41.1239,-100.7654,20.14,20,0,8.75,US,1729117107
412,kalabo,-14.97,22.6814,24.03,59,52,2.83,ZM,1729117108
413,kokomo,40.4864,-86.1336,13.01,50,0,4.63,US,1729117109
414,mesudiye,40.4625,37.7725,9.48,92,100,3.1,TR,1729117110
415,stjordalshalsen,63.4681,10.9262,10.0,53,0,2.57,NO,1729117112
416,prince rupert,54.3161,-130.3201,10.05,77,75,5.14,CA,1729117113
417,mahina,-17.5065,-149.489,28.87,58,20,2.06,PF,1729117114
418,barra do corda,-5.5,-45.25,28.03,59,72,0.76,BR,1729117115
419,singleton,-32.5667,151.1833,16.07,91,18,1.03,AU,1729117117
420,misratah,32.3754,15.0925,23.79,71,0,4.35,LY,1729117118
421,san sebastian de la gomera,28.0916,-17.1133,24.2,88,20,1.54,ES,1729117119
422,praia da vitoria,38.7333,-27.0667,19.14,77,40,4.31,PT,1729117120
423,antsiranana,-12.2787,49.2917,23.31,84,42,0.9,MG,1729117122
424,connell,46.6635,-118.8611,15.0,64,100,1.79,US,1729117123
425,selkirk,50.1436,-96.8845,14.54,44,52,2.68,CA,1729117124
426,alpinopolis,-20.8636,-46.3881,24.63,53,83,0.86,BR,1729117125
427,kununurra,-15.7667,128.7333,26.99,83,71,2.57,AU,1729117127
428,abu dhabi,24.4667,54.3667,29.06,65,0,2.57,AE,1729117096
429,luwero,0.8492,32.4731,18.05,98,96,0.57,UG,1729117129
430,cukai,4.25,103.4167,24.42,93,100,1.18,MY,1729117130
431,zhoucun,36.8167,117.8167,16.49,80,100,1.24,CN,1729117132
432,micheweni,-4.9667,39.8333,25.65,76,11,5.65,TZ,1729117133
433,pontes e lacerda,-15.2261,-59.3353,24.29,73,100,1.43,BR,1729117134
434,lorengau,-2.0226,147.2712,28.02,81,94,2.02,PG,1729117135
435,murzuq,25.9155,13.9184,24.32,34,0,3.82,LY,1729117137
436,capinota,-17.7167,-66.2333,17.61,51,81,0.8,BO,1729117138
437,vila velha,-20.3297,-40.2925,24.41,90,20,4.12,BR,1729117139
438,ulsteinvik,62.3432,5.8487,15.5,67,100,4.94,NO,1729117140
439,loiza,18.4313,-65.8802,30.98,76,20,5.14,PR,1729117141
440,pervari,37.9357,42.5493,17.07,64,19,2.59,TR,1729117143
441,paita,-5.0892,-81.1144,18.71,81,48,7.69,PE,1729117144
442,barra de santo antonio,-9.4047,-35.5072,25.17,77,96,5.52,BR,1729117145
443,awjilah,29.1081,21.2869,22.33,58,0,4.66,LY,1729117146
444,nizhnesortymskiy,62.4397,71.7603,1.14,73,100,6.07,RU,1729117148
445,nuriootpa,-34.4833,139.0,21.49,59,89,3.38,AU,1729117149
446,male,4.1748,73.5089,28.97,79,40,6.69,MV,1729117150
447,fort bragg,35.139,-79.006,13.91,51,75,4.12,US,1729117004
448,baharly,38.4362,57.4316,13.57,33,72,4.13,TM,1729117092
449,general villegas,-35.0328,-63.0125,23.49,66,94,5.48,AR,1729117157
450,alotau,-10.3069,150.4462,26.95,88,48,1.58,PG,1729117158
451,port moresby,-9.4431,147.1797,27.68,78,20,1.54,PG,1729117159
452,peace river,56.2501,-117.286,11.17,66,75,4.12,CA,1729117160
453,timbuktu,16.7735,-3.0074,35.35,18,77,3.54,ML,1729117162
454,laguna,38.421,-121.4238,24.02,55,0,3.09,US,1729117163
455,tazacorte,28.629,-17.9293,21.54,68,0,3.13,ES,1729117164
456,kolonia town,6.964,158.206,26.06,94,100,2.57,FM,1729117165
457,muang phonsavan,19.45,103.2167,17.3,99,59,0.81,LA,1729117167
458,wagar,16.1525,36.2032,31.77,22,94,3.45,SD,1729117168
459,mersing,2.4312,103.8405,24.95,94,20,1.54,MY,1729117169
460,ha tinh,18.3333,105.9,23.49,95,100,1.51,VN,1729117170
461,plymouth,41.8334,-70.8328,11.48,71,0,0.0,US,1729116916
462,strezhevoy,60.7333,77.5889,-0.77,92,88,3.88,RU,1729117173
463,kovel,51.2153,24.7087,4.02,78,1,2.79,UA,1729117174
464,gaspe,48.8334,-64.4819,5.12,75,100,4.63,CA,1729117175
465,puerto san jose,13.9256,-90.8244,32.03,55,40,4.12,GT,1729117176
466,richards bay,-28.783,32.0377,15.47,76,0,4.08,ZA,1729117178
467,tarquinia,42.2482,11.7553,19.34,92,91,2.37,IT,1729117180
468,rockingham,42.9668,-71.0995,10.19,67,23,0.89,US,1729117001
469,santiago de cao,-7.9589,-79.2392,18.07,82,75,4.63,PE,1729117183
470,semera,11.501,41.201,31.27,32,100,1.34,ET,1729117184
471,karaidel',55.8337,56.9069,2.74,48,100,1.81,RU,1729117185
472,sirte,31.2089,16.5887,23.5,69,1,3.4,LY,1729117186
473,carloforte,39.145,8.3058,21.42,81,26,3.19,IT,1729117188
474,cooma,-36.2333,149.1333,14.62,63,48,1.24,AU,1729117189
475,barranca,-10.75,-77.7667,18.43,78,33,4.3,PE,1729117190
476,timimoun,29.2639,0.231,26.21,25,0,2.57,DZ,1729117192
477,thunder bay,48.4001,-89.3168,12.99,38,40,5.66,CA,1729117193
478,cova figueira,14.8905,-24.2934,20.44,83,0,4.79,CV,1729117194
479,namtsy,62.7161,129.6658,-8.39,93,93,2.36,RU,1729117195
480,gereida,11.2811,25.1414,27.59,63,76,0.81,SD,1729117197
481,ngaoundere,7.3167,13.5833,18.71,95,100,0.9,CM,1729117198
482,puerto lempira,15.2667,-83.7667,27.08,78,75,0.0,HN,1729117199
483,nadi,-17.8,177.4167,29.0,58,75,4.63,FJ,1729117200
484,taikang,46.8333,124.4167,1.95,61,0,2.92,CN,1729117201
485,uige,-7.6087,15.0613,20.03,97,99,0.86,AO,1729117203
486,soe,-9.8607,124.284,19.37,77,73,0.92,ID,1729117204
487,laojunmiao,39.8333,97.7333,9.67,21,11,1.29,CN,1729117205
488,jamiltepec,16.2833,-97.8167,28.07,69,18,2.84,MX,1729117206
489,carbonear,47.7332,-53.2148,10.0,80,9,8.78,CA,1729117208
490,marsabit,2.3284,37.9899,22.21,46,100,4.66,KE,1729116967
491,antalaha,-14.9003,50.2788,22.99,90,100,1.28,MG,1729117210
492,zhangjiakou,40.81,114.8794,10.3,86,100,1.15,CN,1729117212
493,daura,11.5538,11.4085,27.93,45,53,2.39,NG,1729117213
494,tuy hoa,13.0833,109.3,24.01,94,100,1.35,VN,1729117214
495,launceston,-41.45,147.1667,13.8,82,75,1.03,AU,1729117215
496,aswan,24.0934,32.907,27.61,32,0,3.09,EG,1729117217
497,bialogard,54.007,15.9875,8.91,64,9,8.0,PL,1729117218
498,wicklow,53.0,-6.4167,9.47,82,100,1.58,IE,1729117219
499,kousseri,12.0769,15.0306,26.68,56,33,1.64,CM,1729117220
500,constitucion,-35.3333,-72.4167,13.42,81,62,3.74,CL,1729116956
501,aiquile,-18.2041,-65.1807,16.68,68,90,1.31,BO,1729117223
502,shagonar,51.5333,92.8,1.8,72,3,0.42,RU,1729117224
503,gidole,5.65,37.3667,14.28,81,96,0.8,ET,1729117226
504,kone,-21.0595,164.8658,27.27,60,0,1.88,NC,1729117228
505,riviere-du-loup,47.8304,-69.5342,6.49,65,86,1.03,CA,1729117229
506,afaahiti,-17.75,-149.2833,23.73,72,39,1.6,PF,1729117230
507,talakan,50.3167,130.3667,-0.74,89,23,1.43,RU,1729117231
508,manda,-10.4667,34.5833,24.33,75,95,7.31,TZ,1729117233
509,bolotnoye,55.6717,84.3981,-1.31,90,25,2.42,RU,1729117234
510,kalaleh,37.3807,55.4916,18.58,65,1,0.33,IR,1729116999
511,duluth,46.7833,-92.1066,16.27,30,0,6.69,US,1729117225
512,mili,6.0815,171.735,27.33,78,100,3.8,MH,1729117238
513,kauhava,63.103,23.0713,6.02,92,79,3.52,FI,1729117239
514,ulladulla,-35.35,150.4667,16.15,62,19,1.02,AU,1729117240
515,shira,54.4911,89.9531,-4.43,92,89,1.39,RU,1729117241
516,hadibu,12.65,54.0333,26.04,81,81,3.56,YE,1729117243
517,progreso,21.2833,-89.6667,27.5,72,93,7.16,MX,1729117244
518,lata,40.1629,-8.3327,12.81,89,75,1.38,PT,1729117245
519,nagqu,31.5,92.0,-1.43,43,93,2.98,CN,1729117246
520,waldmunchen,49.3786,12.7042,8.49,94,99,2.17,DE,1729117248
521,sen monorom,12.45,107.2,19.88,99,97,0.46,KH,1729117249
522,tofol,5.3248,163.0078,25.88,94,100,1.03,FM,1729117250
523,rakops,-21.0167,24.3333,22.13,45,4,7.63,BW,1729117252
524,pundong,-7.9522,110.3486,23.25,83,100,0.8,ID,1729117253
525,naze,28.3667,129.4833,26.51,86,69,4.32,JP,1729117254
526,tuburan,6.6439,122.2736,26.53,77,100,0.93,PH,1729117257
527,north bend,43.4065,-124.2243,16.2,82,0,4.12,US,1729117258
528,xicotepec de juarez,20.3,-97.9667,25.27,69,8,2.66,MX,1729117259
529,necochea,-38.5473,-58.7368,13.31,75,100,6.96,AR,1729117072
530,pangody,65.85,74.4859,0.12,78,100,7.59,RU,1729117262
531,palmer,42.1584,-72.3287,10.75,56,20,3.6,US,1729117100
532,acarau,-2.8856,-40.12,26.24,79,79,6.97,BR,1729117264
533,campbellton,48.0075,-66.6727,4.25,80,54,3.73,CA,1729117265
534,alo,6.5486,4.2686,23.96,93,100,1.21,NG,1729117267
535,port macquarie,-31.4333,152.9167,17.82,86,50,0.45,AU,1729117268
536,kyabe,9.4515,18.9449,22.95,94,41,1.34,TD,1729117269
537,fortaleza,-3.7227,-38.5247,27.07,74,0,4.12,BR,1729117181
538,guangyuan,32.442,105.823,17.59,92,100,0.71,CN,1729117272
539,bodesti,47.0333,26.4167,7.99,71,63,5.05,RO,1729117273
540,sawai madhopur,25.9833,76.3667,24.11,41,31,1.85,IN,1729117274
541,xiva,41.3783,60.3639,6.81,46,7,5.13,UZ,1729117275
542,araguaina,-7.1911,-48.2072,27.41,63,81,0.37,BR,1729116978
543,poronaysk,49.2167,143.1167,4.14,63,15,3.09,RU,1729117278
544,baiao,-2.7906,-49.6717,29.64,54,70,1.03,BR,1729117279
545,sloviansk,48.8667,37.6167,8.86,73,78,3.33,UA,1729117280
546,adam,22.3756,57.5233,25.21,80,89,3.06,OM,1729117282
547,primorsko-akhtarsk,46.0497,38.1747,13.26,56,100,3.18,RU,1729117283
548,gulf shores,30.246,-87.7008,20.24,32,0,5.14,US,1729117027
549,goundam,16.4145,-3.6708,36.05,19,98,3.29,ML,1729117285
550,munuf,30.4658,30.9316,21.23,77,0,1.78,EG,1729117287
551,hithadhoo,-0.6,73.0833,28.62,72,47,7.84,MV,1729117288
552,hermosillo,29.0667,-110.9667,35.56,26,4,1.79,MX,1729116549
553,ofunato,39.0717,141.7167,15.04,79,5,0.8,JP,1729117065
554,jose maria morelos,30.8066,-112.684,30.93,29,13,7.13,MX,1729117292
555,medina,24.4686,39.6142,29.24,15,0,2.57,SA,1729117186
556,shingu,33.7333,135.9833,21.27,91,89,1.75,JP,1729117294
557,amble,55.3333,-1.5833,13.08,100,100,2.06,GB,1729117295
558,karaton,-6.3424,106.1045,20.29,80,95,1.12,ID,1729117007
559,viransehir,37.2353,39.7631,22.27,45,12,1.82,TR,1729117298
560,island harbour,50.724,-1.2758,16.66,72,100,6.28,GB,1729117299
561,geraldton,-28.7667,114.6,17.23,82,100,3.6,AU,1729117302
562,tiznit,29.5833,-9.5,20.62,82,99,1.93,MA,1729117303
563,kholmsk,47.0511,142.0569,8.79,58,99,3.54,RU,1729117304
564,shenjiamen,29.9576,122.298,23.19,89,24,3.98,CN,1729117306
565,grantham,52.9115,-0.6418,17.46,92,75,7.72,GB,1729117307
566,crane,31.3974,-102.3501,22.53,32,0,6.78,US,1729117308
567,anloga,5.7947,0.8973,26.39,81,85,3.57,GH,1729117309
568,valdez,1.2492,-78.9831,25.62,81,42,4.56,EC,1729117310
569,amga,60.8953,131.9608,-16.67,100,87,0.65,RU,1729117312
570,saint croix,17.7397,-64.7388,27.25,86,40,2.57,VI,1729117313
571,happy valley-goose bay,53.3168,-60.3315,1.17,93,75,1.54,CA,1729117314
572,al bawiti,28.3492,28.8659,22.53,53,0,2.38,EG,1729117315
573,margate,51.3813,1.3862,16.6,90,88,6.2,GB,1729117317
574,garden city,42.3256,-83.331,12.3,46,40,4.12,US,1729117318
575,el bolson,-41.9667,-71.5167,12.04,79,96,2.46,AR,1729117319
576,leiyang,26.4024,112.8591,20.8,97,81,1.08,CN,1729117320
577,ardestan,33.3761,52.3694,20.6,30,0,1.72,IR,1729117322
578,gamba,-2.65,10.0,24.53,87,100,2.53,GA,1729117323
579,kudahuvadhoo,2.6708,72.8944,28.23,74,17,6.76,MV,1729117324
580,waddan,29.1614,16.139,22.6,56,0,4.82,LY,1729117325
581,jaru,-10.4389,-62.4664,22.97,95,84,4.82,BR,1729117146
582,egilsstadir,65.2653,-14.3948,1.95,100,40,2.06,IS,1729117328
583,gadzhiyevo,69.2551,33.3362,1.3,92,31,3.31,RU,1729117329
